"p_val","avg_log2FC","pct.1","pct.2","p_val_adj","gene","p_val_adj_plot","Significance"
1.97049589475922e-93,1.90670064702295,0.995,0.958,1.51440491495825e-88,"Tpt1-201",1.51440491495825e-88,"Up"
1.928860124878e-87,-1.32833398468309,0.951,0.992,1.48240616037374e-82,"Cd74-201",1.48240616037374e-82,"Down"
8.05860518085841e-78,-1.44146378318554,0.82,0.995,6.19336042569692e-73,"Eef1a1-201",6.19336042569692e-73,"Down"
4.06083752254516e-77,3.72870183293404,0.784,0.415,3.12091606957686e-72,"Prdx2-201",3.12091606957686e-72,"Up"
5.16239250075141e-68,-1.83749667111945,0.413,0.885,3.96750513252749e-63,"Ubc-203",3.96750513252749e-63,"Down"
1.38722255248874e-66,-1.62493949379844,0.503,0.895,1.0661360204897e-61,"B2m-201",1.0661360204897e-61,"Down"
5.69563452970285e-65,3.09279343529061,0.497,0.098,4.37732296145783e-60,"Hsd3b6-201",4.37732296145783e-60,"Up"
2.18473878435209e-60,-1.52512595598624,0.508,0.919,1.67905914532596e-55,"Ubc-202",1.67905914532596e-55,"Down"
1.15068410990306e-58,-2.63891253803776,0.033,0.548,8.84346765824897e-54,"Ftl1-203",8.84346765824897e-54,"Down"
3.35981420241715e-54,1.57471418567059,0.844,0.686,2.58215160712568e-49,"Ftl1-ps1-202",2.58215160712568e-49,"Up"
1.83832758252544e-52,-1.02837585547339,0.962,0.992,1.4128282802741e-47,"Actb-201",1.4128282802741e-47,"Down"
2.27856786499251e-52,3.55695108225015,0.604,0.28,1.75117054696135e-47,"Gpx1-201",1.75117054696135e-47,"Up"
2.93537165243535e-52,-1.92120792883541,0.358,0.793,2.25595052976266e-47,"Ddx5-201",2.25595052976266e-47,"Down"
5.76120667584958e-51,-2.05958117061622,0.038,0.512,4.42771777865744e-46,"Ftl1-202",4.42771777865744e-46,"Down"
1.05245095441832e-49,3.15763928440312,0.536,0.183,8.08850656508654e-45,"Fam220a-207",8.08850656508654e-45,"Up"
1.19005560798072e-49,2.78415605267172,0.65,0.32,9.14605336957501e-45,"Mkrn1-201",9.14605336957501e-45,"Up"
1.9032695851914e-49,3.91690973386746,0.475,0.144,1.462738807003e-44,"Gpx4-202",1.462738807003e-44,"Up"
2.81377597659843e-49,2.88949633192082,0.626,0.329,2.16249938905496e-44,"Smdt1-201",2.16249938905496e-44,"Up"
1.50607709542457e-48,-1.94269000593408,0.232,0.695,1.1574804909176e-43,"Msn-201",1.1574804909176e-43,"Down"
6.77796607759498e-47,-1.77102520639725,0.519,0.905,5.20913804927484e-42,"Actg1-204",5.20913804927484e-42,"Down"
1.42824828038325e-45,-2.45737352306465,0.137,0.582,1.09766593340574e-40,"Lcp1-206",1.09766593340574e-40,"Down"
4.65151076767405e-45,-1.96057893009518,0.178,0.638,3.57487208538821e-40,"Kdm6b-201",3.57487208538821e-40,"Down"
5.51950766381048e-43,-2.12348352861109,0.158,0.6,4.24196241994491e-38,"Lcp1-209",4.24196241994491e-38,"Down"
1.61253475252785e-42,3.11663546976001,0.505,0.192,1.23929745870775e-37,"Cox6c-201",1.23929745870775e-37,"Up"
3.90084085361293e-42,-1.79679650513501,0.423,0.778,2.99795222963568e-37,"Cd74-202",2.99795222963568e-37,"Down"
4.51406714505374e-42,2.45713333399936,0.667,0.453,3.4692411636596e-37,"Set-201",3.4692411636596e-37,"Up"
8.48489048263182e-42,-1.9163500352098,0.21,0.646,6.52097773152186e-37,"Laptm5-207",6.52097773152186e-37,"Down"
1.11983670607578e-41,-2.06060347246071,0.541,0.809,8.60639302087482e-37,"Vim-201",8.60639302087482e-37,"Down"
6.01060549928213e-39,3.3579264601518,0.396,0.115,4.61939075041829e-34,"Blvrb-201",4.61939075041829e-34,"Up"
1.58073070325511e-38,-2.66535738487426,0.087,0.487,1.21485477467969e-33,"Ctss-201",1.21485477467969e-33,"Down"
1.76248275904205e-38,-1.51276323208309,0.295,0.716,1.35453849963418e-33,"Tmsb4x-201",1.35453849963418e-33,"Down"
3.14172619270452e-38,-2.23243967639425,0.112,0.523,2.41454224814113e-33,"Ctss-202",2.41454224814113e-33,"Down"
8.30009621160206e-38,-1.75572183017479,0.238,0.663,6.37895594246464e-33,"Gdi2-209",6.37895594246464e-33,"Down"
9.4155950919759e-38,-1.37411660315332,0.678,0.887,7.23626145198716e-33,"H2-Ab1-201",7.23626145198716e-33,"Down"
1.3679008154478e-37,-2.14756267766805,0.18,0.575,1.05128649270425e-32,"Tmsb4x-203",1.05128649270425e-32,"Down"
1.95335433151744e-37,-1.80595165927754,0.164,0.587,1.50123093794441e-32,"Naca-202",1.50123093794441e-32,"Down"
2.85906185122765e-37,-2.32894844696583,0.104,0.505,2.1973033951425e-32,"Calm1-201",2.1973033951425e-32,"Down"
5.05984212317777e-36,-2.14879554216025,0.202,0.604,3.88869106534704e-31,"Wnk1-202",3.88869106534704e-31,"Down"
3.19087832225581e-35,-1.65928734825293,0.347,0.745,2.45231762578648e-30,"Psap-203",2.45231762578648e-30,"Down"
3.27105599071944e-35,2.84126456806184,0.475,0.199,2.51393737110752e-30,"Ubxn1-204",2.51393737110752e-30,"Up"
5.82940483652537e-35,-1.85835131394971,0.142,0.544,4.48013079306321e-30,"Ppia-206",4.48013079306321e-30,"Down"
6.88143993412719e-35,-2.1123508272912,0.197,0.589,5.28866184697411e-30,"Wnk1-203",5.28866184697411e-30,"Down"
9.73836534503619e-35,-2.13507294990701,0.079,0.453,7.48432330227411e-30,"Ptprc-203",7.48432330227411e-30,"Down"
1.8564437841689e-34,-2.24117784802691,0.087,0.463,1.42675130588517e-29,"Ptprc-207",1.42675130588517e-29,"Down"
1.87238685250612e-34,-1.14768681859118,0.514,0.846,1.43900419162505e-29,"H3f3b-201",1.43900419162505e-29,"Down"
2.0730754403188e-34,-2.06320528449049,0.213,0.579,1.59324139890261e-29,"Ahnak-202",1.59324139890261e-29,"Down"
4.43692552588321e-34,-2.84517767529455,0.068,0.426,3.40995474366228e-29,"Pld4-203",3.40995474366228e-29,"Down"
5.27336825362093e-34,-2.17836048690823,0.134,0.508,4.05279443763783e-29,"Cdc42-202",4.05279443763783e-29,"Down"
6.70355286718719e-34,1.75161365118591,0.743,0.643,5.15194852054804e-29,"Lars2-209",5.15194852054804e-29,"Up"
7.67915384527021e-34,1.75023949375242,0.743,0.644,5.90173689624397e-29,"Lars2-201",5.90173689624397e-29,"Up"
1.09633991667695e-33,-1.03472418578209,0.779,0.932,8.42581079562906e-29,"H2-Aa-201",8.42581079562906e-29,"Down"
1.21602919141527e-33,2.33884303503727,0.675,0.456,9.34567074770295e-29,"Peg10-202",9.34567074770295e-29,"Up"
1.21973414446739e-33,-2.04064105012409,0.093,0.469,9.37414479388965e-29,"Dock2-201",9.37414479388965e-29,"Down"
1.67637064119852e-33,-2.3500737797218,0.077,0.439,1.28835789258671e-28,"Ptprc-204",1.28835789258671e-28,"Down"
1.72763249310004e-33,-2.39725769318043,0.115,0.488,1.32775467624711e-28,"Tnfaip3-202",1.32775467624711e-28,"Down"
1.82927896305509e-33,-2.06669728141557,0.077,0.44,1.40587405426636e-28,"Ptprc-201",1.40587405426636e-28,"Down"
2.21937218865336e-33,2.53785816477545,0.44,0.165,1.70567630186765e-28,"H2aj-201",1.70567630186765e-28,"Up"
4.82685870017118e-33,-1.59558408039844,0.148,0.542,3.70963398542956e-28,"Ppia-201",3.70963398542956e-28,"Down"
5.29282751086012e-33,-2.22428016398732,0.18,0.538,4.06774965519644e-28,"Ifi207-201",4.06774965519644e-28,"Down"
5.32741945797716e-33,-1.47908259968735,0.202,0.606,4.09433495023376e-28,"Gnas-207",4.09433495023376e-28,"Down"
5.92302706059324e-33,-1.13387786391551,0.533,0.856,4.55208321714833e-28,"H3f3b-202",4.55208321714833e-28,"Down"
9.89077970857829e-33,2.66447419703103,0.388,0.131,7.60145983723076e-28,"Arf5-201",7.60145983723076e-28,"Up"
1.16435748000166e-32,-2.39696527734733,0.093,0.454,8.94855297680474e-28,"Gdi2-201",8.94855297680474e-28,"Down"
2.16755748916785e-32,-1.16165697259538,0.511,0.839,1.66585463272506e-27,"Btg1-201",1.66585463272506e-27,"Down"
2.6849324191362e-32,2.10074737849585,0.467,0.197,2.06347796140293e-27,"Gna13-202",2.06347796140293e-27,"Up"
3.29395286685074e-32,-3.58005085648864,0.06,0.395,2.53153453628947e-27,"Fam107b-209",2.53153453628947e-27,"Down"
3.44800887526291e-32,1.78424018703239,0.675,0.497,2.64993274099456e-27,"Hnrnpab-201",2.64993274099456e-27,"Up"
7.75343834609149e-32,-1.44900107046102,0.139,0.524,5.95882750650515e-27,"Srrm2-201",5.95882750650515e-27,"Down"
2.7313621037821e-31,1.7653310040718,0.664,0.488,2.0991610312407e-26,"Hnrnpab-203",2.0991610312407e-26,"Up"
3.43089797829338e-31,1.7644669860624,0.664,0.49,2.63678233223759e-26,"Hnrnpab-202",2.63678233223759e-26,"Up"
1.57094324238163e-30,-1.26127605064736,0.246,0.658,1.20733271949998e-25,"Gnas-202",1.20733271949998e-25,"Down"
1.62772935026554e-30,-2.16881690651919,0.079,0.418,1.25097511485308e-25,"Plek-201",1.25097511485308e-25,"Down"
2.28157841911016e-30,-2.11941618579713,0.066,0.407,1.75348427822292e-25,"Cxcr4-201",1.75348427822292e-25,"Down"
2.54422685827213e-30,-1.14002649024656,0.208,0.599,1.95534010965646e-25,"Gnas-206",1.95534010965646e-25,"Down"
3.60492668115092e-30,-3.01397751492696,0.041,0.358,2.77053035153173e-25,"Itm2b-202",2.77053035153173e-25,"Down"
5.65185923984827e-30,-1.05863854185308,0.486,0.848,4.34367990019299e-25,"H3f3a-205",4.34367990019299e-25,"Down"
1.57499236037651e-29,-1.86320420355722,0.169,0.516,1.21044462864376e-24,"Mpeg1-201",1.21044462864376e-24,"Down"
1.57499236037651e-29,-1.86320420355722,0.169,0.516,1.21044462864376e-24,"ENSMUST00000249873.1",1.21044462864376e-24,"Down"
3.08048229590901e-29,-1.45954592568932,0.199,0.57,2.36747386369791e-24,"Ywhaz-203",2.36747386369791e-24,"Down"
4.32468422344328e-29,-1.76772151168648,0.199,0.558,3.3236928130851e-24,"Wnk1-223",3.3236928130851e-24,"Down"
4.43220446655678e-29,-1.68372027538987,0.153,0.513,3.40632642072755e-24,"Gnas-203",3.40632642072755e-24,"Down"
4.96286102942114e-29,-2.60996228226048,0.104,0.422,3.81415721555133e-24,"Ms4a6c-201",3.81415721555133e-24,"Down"
7.30718457092757e-29,-1.55096390286093,0.156,0.515,5.61586363014068e-24,"Gnas-211",5.61586363014068e-24,"Down"
1.2255773507321e-28,-2.07824774412767,0.15,0.49,9.41905217131645e-24,"Rnf213-201",9.41905217131645e-24,"Down"
1.32001009307241e-28,-1.07803031959674,0.393,0.727,1.01448055692987e-23,"Iqgap1-201",1.01448055692987e-23,"Down"
1.85474612550474e-28,-1.63465168793391,0.153,0.508,1.42544658729541e-23,"Gnas-223",1.42544658729541e-23,"Down"
2.39591897265533e-28,-1.75552237602666,0.115,0.459,1.84135956724452e-23,"Pld4-201",1.84135956724452e-23,"Down"
3.65346818564049e-28,-1.55118844667278,0.189,0.552,2.80783643939214e-23,"Tnfaip3-201",2.80783643939214e-23,"Down"
3.98526244441733e-28,-2.67328677793741,0.12,0.451,3.06283359903249e-23,"Macf1-203",3.06283359903249e-23,"Down"
6.68309039405123e-28,-2.03025972730241,0.098,0.431,5.13622229144413e-23,"Gnas-228",5.13622229144413e-23,"Down"
6.68309039405123e-28,-2.03025972730241,0.098,0.431,5.13622229144413e-23,"Gnas-225",5.13622229144413e-23,"Down"
9.02089883692479e-28,-1.65705324236592,0.156,0.51,6.93292159213018e-23,"Tnfaip3-205",6.93292159213018e-23,"Down"
9.744367017347e-28,-2.30046514548238,0.117,0.441,7.48893582751186e-23,"Jmjd1c-206",7.48893582751186e-23,"Down"
1.04093494421475e-27,-1.37337983029385,0.186,0.554,8.00000142026802e-23,"Arpc1b-201",8.00000142026802e-23,"Down"
3.71880475397718e-27,-1.626987315131,0.134,0.479,2.85805020562162e-22,"ENSMUST00000249728.1",2.85805020562162e-22,"Down"
6.49696073977234e-27,-2.79291824842755,0.074,0.372,4.99317420694463e-22,"H3f3a-201",4.99317420694463e-22,"Down"
1.43041894393114e-26,2.24865152242783,0.391,0.154,1.09933417516884e-21,"Clic4-202",1.09933417516884e-21,"Up"
1.46370598488667e-26,-1.82577887165858,0.194,0.515,1.1249165976248e-21,"Ifi207-202",1.1249165976248e-21,"Down"
2.0834615613299e-26,-1.43138526549406,0.202,0.547,1.60122354834448e-21,"Ly6e-201",1.60122354834448e-21,"Down"
2.92862120862466e-26,-1.42521256671099,0.202,0.546,2.2507625436764e-21,"Ly6e-213",2.2507625436764e-21,"Down"
3.34928735070709e-26,-1.24088038269805,0.301,0.662,2.57406130051243e-21,"Tgfb1-201",2.57406130051243e-21,"Down"
3.98952161348189e-26,-1.91347303683175,0.079,0.389,3.06610694082537e-21,"Coro1a-202",3.06610694082537e-21,"Down"
5.3512521762119e-26,-1.55199215145121,0.199,0.541,4.1126513475059e-21,"Ly6e-204",4.1126513475059e-21,"Down"
5.3512521762119e-26,-1.55199215145121,0.199,0.541,4.1126513475059e-21,"Ly6e-206",4.1126513475059e-21,"Down"
5.48906615043009e-26,-3.00322476344402,0.055,0.345,4.21856689925154e-21,"Adgre5-202",4.21856689925154e-21,"Down"
5.81133978304722e-26,-1.65172140934569,0.145,0.478,4.46624707686311e-21,"Hnrnpf-210",4.46624707686311e-21,"Down"
5.86936043389522e-26,-1.0798082348412,0.443,0.725,4.51083826786583e-21,"Cfl1-202",4.51083826786583e-21,"Down"
6.24549931255561e-26,-1.9017839023932,0.15,0.473,4.79991604167149e-21,"Rnf213-202",4.79991604167149e-21,"Down"
6.3162018391866e-26,-1.28354850521502,0.232,0.587,4.85425376148847e-21,"Calr-201",4.85425376148847e-21,"Down"
7.82744726404302e-26,-1.66409430817115,0.156,0.485,6.01570632030763e-21,"Wnk1-204",6.01570632030763e-21,"Down"
7.83511937091498e-26,-1.7515521154,0.109,0.435,6.021602641323e-21,"Irf5-202",6.021602641323e-21,"Down"
8.77561945317206e-26,-2.33173154980069,0.068,0.364,6.74441457454086e-21,"Tpm3-204",6.74441457454086e-21,"Down"
1.12552746824255e-25,-1.49785650421405,0.202,0.543,8.65012880443132e-21,"Ly6e-205",8.65012880443132e-21,"Down"
1.50890468432908e-25,-1.28239417366943,0.281,0.627,1.15965360609427e-20,"Tln1-201",1.15965360609427e-20,"Down"
1.66544990940748e-25,-1.58590734580556,0.178,0.506,1.27996487337602e-20,"Selplg-201",1.27996487337602e-20,"Down"
1.97161739367005e-25,-1.74882264405233,0.15,0.48,1.51526683173118e-20,"Sik1-201",1.51526683173118e-20,"Down"
2.03689749778361e-25,-2.30618177589712,0.057,0.346,1.56543720294662e-20,"Dock2-203",1.56543720294662e-20,"Down"
2.480759418745e-25,-1.0813398675631,0.257,0.619,1.90656284368228e-20,"Prrc2c-210",1.90656284368228e-20,"Down"
2.73412441869338e-25,-1.48420239401329,0.21,0.551,2.10128398074261e-20,"Ly6e-208",2.10128398074261e-20,"Down"
3.33435642602861e-25,-1.59141290323262,0.128,0.452,2.56258628766003e-20,"Ptp4a1-203",2.56258628766003e-20,"Down"
3.88218987080047e-25,-1.83566733732454,0.172,0.506,2.98361820330499e-20,"Samhd1-201",2.98361820330499e-20,"Down"
4.59023852014634e-25,-2.03450426258222,0.077,0.378,3.52778191227327e-20,"Ppia-204",3.52778191227327e-20,"Down"
5.38953306073824e-25,-1.42951472445394,0.21,0.549,4.14207173849977e-20,"Ly6e-211",4.14207173849977e-20,"Down"
6.94350212303529e-25,-1.75119394921117,0.082,0.38,5.33635912163754e-20,"Picalm-213",5.33635912163754e-20,"Down"
8.09236161915375e-25,1.79541910639054,0.41,0.177,6.21930359878443e-20,"Nudt4-201",6.21930359878443e-20,"Up"
8.24788919406114e-25,-1.12159879339764,0.508,0.783,6.33883276120375e-20,"Pabpc1-201",6.33883276120375e-20,"Down"
1.18662793194903e-24,-1.58605948011902,0.123,0.449,9.11971030820106e-20,"Irf5-201",9.11971030820106e-20,"Down"
1.36762894400351e-24,-1.52262068454857,0.134,0.46,1.05107754862446e-19,"Rgs1-208",1.05107754862446e-19,"Down"
2.56155692316505e-24,-1.78210077524083,0.123,0.426,1.96865895772927e-19,"Ppp2ca-201",1.96865895772927e-19,"Down"
4.21859289039961e-24,-1.32477762953041,0.227,0.567,3.24215737998771e-19,"Actr3-201",3.24215737998771e-19,"Down"
4.71810714820587e-24,-1.49984454116607,0.191,0.515,3.62605406768214e-19,"Son-202",3.62605406768214e-19,"Down"
5.09907744805276e-24,-1.98630754500579,0.134,0.427,3.91884498192647e-19,"Slfn2-201",3.91884498192647e-19,"Down"
5.77179473320812e-24,-2.37838051612746,0.09,0.372,4.43585512425977e-19,"Laptm5-201",4.43585512425977e-19,"Down"
6.80965745117516e-24,-1.50550587258549,0.161,0.484,5.23349413752616e-19,"Ddx3x-201",5.23349413752616e-19,"Down"
8.56929493378895e-24,-1.04544460183745,0.216,0.549,6.58584592841416e-19,"Ly6e-210",6.58584592841416e-19,"Down"
1.06011571277492e-23,-1.55557047645445,0.175,0.492,8.14741329896036e-19,"Wnk1-224",8.14741329896036e-19,"Down"
1.16544126045145e-23,-1.88926479505711,0.112,0.405,8.95688226307356e-19,"Lcp1-202",8.95688226307356e-19,"Down"
1.50563104003387e-23,-2.17356013767948,0.071,0.354,1.15713767950763e-18,"Rack1-205",1.15713767950763e-18,"Down"
1.52187963401077e-23,-1.33923174706827,0.18,0.508,1.16962537392264e-18,"Cd83-202",1.16962537392264e-18,"Down"
1.53654403854488e-23,-2.08191694392174,0.104,0.397,1.18089555538328e-18,"Unc93b1-203",1.18089555538328e-18,"Down"
1.99155486976166e-23,-1.25877346130318,0.12,0.436,1.53058957960663e-18,"Hmgb1-203",1.53058957960663e-18,"Down"
2.16078078796085e-23,-1.41225289044952,0.156,0.47,1.66064646677944e-18,"Actr2-201",1.66064646677944e-18,"Down"
2.95943289969787e-23,-2.18812336768393,0.06,0.335,2.2744425607338e-18,"Mideas-201",2.2744425607338e-18,"Down"
3.03217780146419e-23,-1.46397237454993,0.191,0.509,2.33034992753729e-18,"Son-208",2.33034992753729e-18,"Down"
3.18056823672549e-23,-1.08644695863275,0.235,0.569,2.44439391265301e-18,"Tpm3-201",2.44439391265301e-18,"Down"
5.2583492624303e-23,-1.12147707001628,0.186,0.519,4.04125174214818e-18,"Hnrnpf-202",4.04125174214818e-18,"Down"
5.72953586084587e-23,-1.81449508005582,0.101,0.392,4.40337749049448e-18,"Arpc1b-211",4.40337749049448e-18,"Down"
7.9196528983658e-23,-1.79464674336154,0.104,0.395,6.08657003851005e-18,"Gvin1-202",6.08657003851005e-18,"Down"
8.03271006665642e-23,-1.7988300917202,0.109,0.402,6.17345899462812e-18,"Gvin2-202",6.17345899462812e-18,"Down"
1.43008179380977e-22,-1.38123697754989,0.197,0.512,1.09907506181456e-17,"Son-203",1.09907506181456e-17,"Down"
1.71801883656383e-22,-2.16976281473763,0.279,0.556,1.32036619665277e-17,"Lyz2-201",1.32036619665277e-17,"Down"
2.34509492561807e-22,-1.20389087799144,0.115,0.418,1.80229925413451e-17,"Coro1a-201",1.80229925413451e-17,"Down"
2.47896866735301e-22,-1.2257453160616,0.172,0.494,1.90518657960748e-17,"Cd53-201",1.90518657960748e-17,"Down"
3.16541961461484e-22,-1.22889749310303,0.156,0.471,2.43275159061609e-17,"Plek-202",2.43275159061609e-17,"Down"
3.23880773623963e-22,-1.23556045919617,0.169,0.476,2.48915329760961e-17,"Cap1-202",2.48915329760961e-17,"Down"
3.31497458327113e-22,-2.09100087520624,0.074,0.342,2.54769056622719e-17,"Inpp5d-201",2.54769056622719e-17,"Down"
3.48453180576136e-22,-1.34641233640689,0.167,0.471,2.67800207399984e-17,"Cap1-201",2.67800207399984e-17,"Down"
3.80733190964879e-22,-1.100715611201,0.202,0.527,2.92608686584148e-17,"Capzb-202",2.92608686584148e-17,"Down"
3.8353602223061e-22,-1.04388906012661,0.399,0.731,2.94762774525113e-17,"Ezr-201",2.94762774525113e-17,"Down"
4.19851521726453e-22,-1.44585184186742,0.107,0.406,3.22672688507648e-17,"Rac2-201",3.22672688507648e-17,"Down"
4.44578754559822e-22,-1.53465202849794,0.087,0.372,3.41676556029405e-17,"Ctsh-201",3.41676556029405e-17,"Down"
9.6448311934156e-22,-2.01895429242891,0.087,0.362,7.41243856538762e-17,"Lsp1-202",7.41243856538762e-17,"Down"
1.0966928416526e-21,-1.57563215853473,0.079,0.356,8.42852316523693e-17,"Mideas-202",8.42852316523693e-17,"Down"
1.13122321109225e-21,-1.42382404590536,0.183,0.488,8.69390286652834e-17,"Son-204",8.69390286652834e-17,"Down"
1.27838796093611e-21,-1.15514850257659,0.216,0.536,9.82492283497839e-17,"Rab7-204",9.82492283497839e-17,"Down"
1.34851597639321e-21,-1.60579324693401,0.098,0.381,1.03638846849724e-16,"Plekho2-202",1.03638846849724e-16,"Down"
1.63823643562672e-21,-1.45150081614651,0.172,0.475,1.25905023023656e-16,"Akap13-201",1.25905023023656e-16,"Down"
2.13936603908423e-21,-2.00445179683986,0.082,0.345,1.64418837567779e-16,"Cd86-201",1.64418837567779e-16,"Down"
2.36107056011873e-21,-1.10079335171975,0.183,0.496,1.81457716827365e-16,"Cd83-201",1.81457716827365e-16,"Down"
2.98091017728065e-21,-1.56357058348564,0.158,0.458,2.29094870764727e-16,"Samhd1-206",2.29094870764727e-16,"Down"
5.0846536206221e-21,-1.4951570591681,0.101,0.381,3.9077596935929e-16,"Plekho2-204",3.9077596935929e-16,"Down"
5.17673497962029e-21,-1.5141900649474,0.197,0.489,3.97852790123738e-16,"Zmiz1-208",3.97852790123738e-16,"Down"
5.54716417104735e-21,-1.50326590535419,0.158,0.456,4.26321755201673e-16,"Samhd1-202",4.26321755201673e-16,"Down"
5.95175084950517e-21,-1.10882116485253,0.164,0.474,4.5741585978787e-16,"Ptp4a1-204",4.5741585978787e-16,"Down"
6.18258718555057e-21,-2.72404144801091,0.093,0.355,4.75156555558303e-16,"Ighm-202",4.75156555558303e-16,"Down"
6.44152758595276e-21,-1.07795790293083,0.167,0.478,4.95057161090813e-16,"Ptp4a1-206",4.95057161090813e-16,"Down"
7.70496022595777e-21,-1.37284545064781,0.123,0.408,5.92157013205758e-16,"Eif4g2-206",5.92157013205758e-16,"Down"
7.77480339907647e-21,-1.69891537900208,0.085,0.353,5.97524740432623e-16,"Fmnl1-203",5.97524740432623e-16,"Down"
7.81853382136765e-21,-1.83847255564686,0.082,0.344,6.0088559830739e-16,"Cybb-201",6.0088559830739e-16,"Down"
1.39788240877178e-20,-1.06226759782797,0.314,0.639,1.07432854643747e-15,"Hnrnpf-203",1.07432854643747e-15,"Down"
1.55780549044193e-20,-1.29289299136979,0.189,0.485,1.19723583162424e-15,"Akap13-205",1.19723583162424e-15,"Down"
3.94509123945823e-20,-1.43625440552029,0.137,0.422,3.03196042117323e-15,"Lsp1-201",3.03196042117323e-15,"Down"
4.97375758270023e-20,-1.04786083799915,0.112,0.397,3.82253165260843e-15,"Hmgb1-202",3.82253165260843e-15,"Down"
5.10574285886983e-20,-1.19700885331316,0.161,0.46,3.92396761675582e-15,"Hcls1-201",3.92396761675582e-15,"Down"
5.74632301082951e-20,-1.35989283439489,0.164,0.448,4.41627908674291e-15,"Ly6e-207",4.41627908674291e-15,"Down"
5.83915564399347e-20,-1.61625561706036,0.09,0.351,4.48762467863474e-15,"Capza2-201",4.48762467863474e-15,"Down"
6.24512355370978e-20,2.02931663243808,0.396,0.196,4.79962725596812e-15,"Rhox6-201",4.79962725596812e-15,"Up"
6.94963729375757e-20,-1.36727510903873,0.134,0.421,5.34107424574444e-15,"Ctsc-201",5.34107424574444e-15,"Down"
8.05235799526355e-20,-1.39030016512185,0.112,0.388,6.18855921367985e-15,"Grb2-203",6.18855921367985e-15,"Down"
8.12881374786084e-20,-1.42432390408762,0.142,0.42,6.24731851778097e-15,"Gvin-ps7-201",6.24731851778097e-15,"Down"
8.27859362352701e-20,-1.49606769338079,0.12,0.394,6.36243034342545e-15,"Gvin2-201",6.36243034342545e-15,"Down"
8.51761374248108e-20,-1.40234405681955,0.115,0.395,6.54612686564641e-15,"Irf5-205",6.54612686564641e-15,"Down"
8.65797983711312e-20,-1.47126487697757,0.115,0.386,6.65400382401492e-15,"Gvin1-201",6.65400382401492e-15,"Down"
1.33323583949997e-19,-1.18490413065638,0.232,0.526,1.02464507208931e-14,"Dusp5-201",1.02464507208931e-14,"Down"
1.94515056749419e-19,-1.2218905806958,0.178,0.475,1.49492601714199e-14,"Zfp36-202",1.49492601714199e-14,"Down"
2.00817010763874e-19,-1.81102183901571,0.298,0.557,1.54335905452468e-14,"Cst3-201",1.54335905452468e-14,"Down"
2.81311721271522e-19,-1.53465283270053,0.087,0.348,2.16199310266016e-14,"Hmgb1-210",2.16199310266016e-14,"Down"
3.29130376254535e-19,-1.34342212042169,0.161,0.447,2.5294985936666e-14,"Samhd1-203",2.5294985936666e-14,"Down"
3.46012693679983e-19,-1.54483401269585,0.082,0.334,2.65924595600814e-14,"Pip5k1c-201",2.65924595600814e-14,"Down"
4.38335214332238e-19,-1.33240110211445,0.104,0.366,3.36878145622898e-14,"Inpp5d-210",3.36878145622898e-14,"Down"
4.50594117577354e-19,-2.36531677112213,0.085,0.332,3.462996031229e-14,"Mbnl1-201",3.462996031229e-14,"Down"
6.87959037987731e-19,-1.15820759516042,0.107,0.375,5.28724039055091e-14,"Sdc3-201",5.28724039055091e-14,"Down"
6.88378937003372e-19,-1.58420748441618,0.145,0.409,5.29046748244571e-14,"Huwe1-201",5.29046748244571e-14,"Down"
7.28603881857649e-19,2.23231918661335,0.35,0.166,5.59961227362878e-14,"Cox6c-203",5.59961227362878e-14,"Up"
9.30677865127245e-19,-1.49249986388874,0.087,0.344,7.15263166464893e-14,"Skil-201",7.15263166464893e-14,"Down"
9.68521048769322e-19,-1.22731663514368,0.221,0.501,7.44347166821174e-14,"Mcl1-201",7.44347166821174e-14,"Down"
1.00668838257488e-18,-1.47202926071992,0.09,0.343,7.73680289544096e-14,"Pip5k1c-210",7.73680289544096e-14,"Down"
1.10832673961539e-18,-1.84199460896524,0.134,0.387,8.5179343246401e-14,"Etv3-203",8.5179343246401e-14,"Down"
1.32450169786589e-18,-1.1216187892912,0.423,0.705,1.01793253487785e-13,"Cytip-201",1.01793253487785e-13,"Down"
1.48604487632457e-18,-1.40239936945533,0.227,0.508,1.14208492925049e-13,"Cd44-201",1.14208492925049e-13,"Down"
1.54956894144771e-18,-1.17251145968011,0.096,0.356,1.19090571426022e-13,"Arpc3-201",1.19090571426022e-13,"Down"
1.72277089558204e-18,-1.67023269650166,0.156,0.417,1.32401834409062e-13,"Pim1-204",1.32401834409062e-13,"Down"
2.06851189129985e-18,1.72162353099996,0.516,0.354,1.58973412893959e-13,"Riok3-215",1.58973412893959e-13,"Up"
2.24192114830426e-18,-1.24934895091236,0.128,0.4,1.72300607931776e-13,"Fmnl1-202",1.72300607931776e-13,"Down"
2.29864588279464e-18,-1.0364469231847,0.23,0.522,1.76660130676299e-13,"Hnrnpk-232",1.76660130676299e-13,"Down"
2.5241599177876e-18,-1.45648337915989,0.112,0.375,1.93991786321648e-13,"Fyn-201",1.93991786321648e-13,"Down"
2.53587310529587e-18,-1.63927966768985,0.087,0.334,1.94891991634409e-13,"Crybg1-202",1.94891991634409e-13,"Down"
2.59102757410198e-18,-2.06528682510323,0.117,0.368,1.99130833180034e-13,"Irf7-201",1.99130833180034e-13,"Down"
2.66091792713474e-18,-1.41357569609461,0.131,0.394,2.04502186372014e-13,"Gnas-226",2.04502186372014e-13,"Down"
2.83307116675268e-18,-1.17240952586987,0.134,0.398,2.17732851449611e-13,"Prex1-201",2.17732851449611e-13,"Down"
3.27571920560054e-18,-1.95410633395813,0.087,0.33,2.51752123827224e-13,"Hnrnpk-221",2.51752123827224e-13,"Down"
3.41260078129661e-18,-1.28322378067888,0.161,0.439,2.6227202044577e-13,"Picalm-205",2.6227202044577e-13,"Down"
3.43447145222728e-18,-1.1408276528654,0.221,0.514,2.63952868989475e-13,"Ankrd11-203",2.63952868989475e-13,"Down"
3.45947585004526e-18,-1.31772656176682,0.306,0.562,2.65874556979379e-13,"Ddx5-208",2.65874556979379e-13,"Down"
4.22243544186547e-18,-1.62013807461339,0.087,0.332,3.24511053449128e-13,"Crybg1-201",3.24511053449128e-13,"Down"
4.39173346061381e-18,-1.77650112162284,0.115,0.359,3.37522283382013e-13,"Jmjd1c-211",3.37522283382013e-13,"Down"
4.53869948405359e-18,-1.30011468963185,0.246,0.51,3.48817210147455e-13,"Pik3ap1-201",3.48817210147455e-13,"Down"
4.96419130894584e-18,-1.1171446094456,0.156,0.429,3.81517958857724e-13,"Flna-213",3.81517958857724e-13,"Down"
5.73452717142937e-18,-1.15847871871882,0.109,0.372,4.40721351233033e-13,"H2-T23-201",4.40721351233033e-13,"Down"
5.80437774230968e-18,-1.06928962770713,0.205,0.487,4.46089647007469e-13,"Rab7-201",4.46089647007469e-13,"Down"
6.46802363721968e-18,-1.18580545811753,0.098,0.355,4.97093488614881e-13,"Skil-204",4.97093488614881e-13,"Down"
7.00194507705161e-18,-1.25543037831358,0.139,0.401,5.38127486951725e-13,"Cltc-201",5.38127486951725e-13,"Down"
7.08354787734217e-18,-1.34217111319185,0.134,0.4,5.44398988565255e-13,"Csde1-215",5.44398988565255e-13,"Down"
7.88177002472237e-18,-1.49885548019885,0.109,0.36,6.05745553480013e-13,"Epb41l2-202",6.05745553480013e-13,"Down"
8.3693304400361e-18,-1.3213688362764,0.098,0.349,6.43216521638534e-13,"Fmnl1-207",6.43216521638534e-13,"Down"
8.40896755560827e-18,1.53104243536561,0.544,0.403,6.46262792518718e-13,"Riok3-204",6.46262792518718e-13,"Up"
9.17222755615264e-18,-1.13569874402158,0.145,0.412,7.04922376600555e-13,"Flna-207",7.04922376600555e-13,"Down"
1.39942220323536e-17,-1.51997762727698,0.148,0.397,1.07551194007451e-12,"Brd4-203",1.07551194007451e-12,"Down"
1.50969122226888e-17,-1.73811316801724,0.115,0.354,1.16025809196252e-12,"Jmjd1c-201",1.16025809196252e-12,"Down"
1.51940100173018e-17,-1.75757999588631,0.101,0.341,1.16772044586972e-12,"Aff1-201",1.16772044586972e-12,"Down"
1.59053937102254e-17,-1.60274995986299,0.117,0.361,1.22239312820566e-12,"Huwe1-202",1.22239312820566e-12,"Down"
2.48823700136225e-17,-1.640446974293,0.189,0.443,1.91230966502694e-12,"Plbd1-201",1.91230966502694e-12,"Down"
3.13933584770531e-17,-1.49770750990246,0.131,0.384,2.41270517239544e-12,"Brd2-207",2.41270517239544e-12,"Down"
3.33327194186388e-17,-1.10406529622075,0.21,0.492,2.56175281820006e-12,"Ankrd11-201",2.56175281820006e-12,"Down"
4.1102745240534e-17,-1.22999427078326,0.148,0.408,3.158910382716e-12,"Rhoa-205",3.158910382716e-12,"Down"
4.50901085864481e-17,-1.3194183569158,0.23,0.499,3.46535520530289e-12,"Cd44-207",3.46535520530289e-12,"Down"
5.28042032639665e-17,-1.01997776676892,0.23,0.515,4.05821423764888e-12,"Ankrd11-202",4.05821423764888e-12,"Down"
5.67435336469698e-17,-1.30930333251139,0.15,0.406,4.36096753490422e-12,"Brd2-203",4.36096753490422e-12,"Down"
6.85280713916059e-17,1.57957210694908,0.492,0.326,5.26665639873048e-12,"Spc24-201",5.26665639873048e-12,"Up"
7.52154913039652e-17,-1.47396244597379,0.128,0.367,5.78061136867494e-12,"Brd4-201",5.78061136867494e-12,"Down"
8.58335049939491e-17,2.31379765938618,0.5,0.372,6.59664819280496e-12,"Atp5g1-202",6.59664819280496e-12,"Up"
9.83208608392681e-17,-1.44246791789529,0.128,0.378,7.55635143894111e-12,"Emilin2-206",7.55635143894111e-12,"Down"
1.05017153492419e-16,-1.12800532971444,0.153,0.408,8.07098831450639e-12,"Brd2-201",8.07098831450639e-12,"Down"
1.25260188605064e-16,1.61428356452597,0.473,0.303,9.62674653505355e-12,"Krt8-201",9.62674653505355e-12,"Up"
1.36480760494202e-16,-1.37629194149534,0.139,0.395,1.04890923670214e-11,"Epb41l2-207",1.04890923670214e-11,"Down"
1.37958093795531e-16,-1.62416140126869,0.098,0.33,1.06026313405618e-11,"Anxa2-205",1.06026313405618e-11,"Down"
1.76934072890422e-16,-1.27975565466989,0.098,0.338,1.35980912379205e-11,"Fyn-202",1.35980912379205e-11,"Down"
2.66473129291656e-16,-1.13366287330516,0.137,0.384,2.04795258785809e-11,"Ube2d3-201",2.04795258785809e-11,"Down"
2.87756687549253e-16,-1.13742381015121,0.164,0.416,2.21152524649103e-11,"Dync1h1-201",2.21152524649103e-11,"Down"
3.21876817843086e-16,-1.21769669955636,0.219,0.493,2.47375209585125e-11,"Anxa2-201",2.47375209585125e-11,"Down"
3.23245537849951e-16,-2.05066701581692,0.112,0.342,2.48427125659201e-11,"Irf7-203",2.48427125659201e-11,"Down"
3.74192222097333e-16,-1.04522910232728,0.205,0.471,2.87581690370684e-11,"Tax1bp1-201",2.87581690370684e-11,"Down"
3.92740706792818e-16,-1.39091534836855,0.101,0.331,3.01836942798552e-11,"Crebbp-205",3.01836942798552e-11,"Down"
5.13339543643177e-16,-1.0564000100424,0.249,0.468,3.94521972871527e-11,"Tpt1-ps3-201",3.94521972871527e-11,"Down"
6.07208413527613e-16,-1.28356646131603,0.123,0.361,4.66663954132511e-11,"Aff1-202",4.66663954132511e-11,"Down"
7.15872607773041e-16,-1.13986672721073,0.164,0.415,5.50176733977893e-11,"Ier5-201",5.50176733977893e-11,"Down"
7.34343790008528e-16,-1.15920104112654,0.131,0.375,5.64372576373154e-11,"Sik1-203",5.64372576373154e-11,"Down"
8.56437750770095e-16,-1.23679165554141,0.126,0.367,6.58206668976849e-11,"Lsp1-205",6.58206668976849e-11,"Down"
9.31110888783306e-16,-1.70564056584492,0.115,0.343,7.15595962465522e-11,"Irf7-210",7.15595962465522e-11,"Down"
9.87089520162611e-16,-1.38985853268841,0.117,0.352,7.58617779825773e-11,"Itgb2-204",7.58617779825773e-11,"Down"
1.57913190833572e-15,1.61865128246939,0.404,0.228,1.21362603683233e-10,"Nopchap1-201",1.21362603683233e-10,"Up"
1.92530354061704e-15,-1.11804828516057,0.137,0.379,1.47967278310582e-10,"Crebbp-201",1.47967278310582e-10,"Down"
2.33136888525197e-15,2.10544938481579,0.358,0.193,1.79175024307155e-10,"Ubxn1-202",1.79175024307155e-10,"Up"
3.14341003140522e-15,-1.26726396409501,0.109,0.338,2.41583634553617e-10,"Itpkb-201",2.41583634553617e-10,"Down"
3.17662825756435e-15,-1.19591776811385,0.115,0.349,2.4413658810685e-10,"Spty2d1-201",2.4413658810685e-10,"Down"
3.7595691387651e-15,-1.1216002573763,0.12,0.36,2.88937926590653e-10,"Arpc2-203",2.88937926590653e-10,"Down"
3.8059032502209e-15,-1.15556340112754,0.115,0.345,2.92498888392477e-10,"Eif5-212",2.92498888392477e-10,"Down"
5.01157597384153e-15,-1.04524631408245,0.284,0.549,3.85159659893617e-10,"Fos-201",3.85159659893617e-10,"Down"
7.04644497476955e-15,-1.25463415884971,0.145,0.376,5.41547482090939e-10,"Gpr132-201",5.41547482090939e-10,"Down"
1.0916586804706e-14,-1.19120345488547,0.123,0.353,8.38983362288877e-10,"Csde1-214",8.38983362288877e-10,"Down"
1.41706141854237e-14,3.16960391783053,0.355,0.191,1.08906838260655e-09,"Serpinh1-201",1.08906838260655e-09,"Up"
1.51703854201615e-14,-1.44002664623874,0.139,0.364,1.16590480108109e-09,"Lgmn-202",1.16590480108109e-09,"Down"
2.48636270662405e-14,1.53164319798578,0.497,0.355,1.91086919454885e-09,"Fau-202",1.91086919454885e-09,"Up"
2.50083249647272e-14,-1.15899944591062,0.123,0.341,1.92198980683915e-09,"Snx5-201",1.92198980683915e-09,"Down"
3.73012662714744e-14,-1.35153461989522,0.131,0.35,2.86675151802789e-09,"Nfat5-214",2.86675151802789e-09,"Down"
6.16810159218756e-14,-1.12765040892293,0.219,0.46,4.74043279765983e-09,"Cd44-203",4.74043279765983e-09,"Down"
6.74870497037462e-14,-1.13668881295028,0.26,0.479,5.18664971793171e-09,"Sf3b1-201",5.18664971793171e-09,"Down"
8.77533539678003e-14,-1.70334432161324,0.134,0.335,6.74419626584132e-09,"H2-Aa-203",6.74419626584132e-09,"Down"
9.02876697448814e-14,-1.24699318651338,0.117,0.334,6.93896857057311e-09,"Eno1b-201",6.93896857057311e-09,"Down"
9.58680249809314e-14,-1.24086625247606,0.175,0.398,7.3678411918845e-09,"Plbd1-203",7.3678411918845e-09,"Down"
1.54788209234971e-13,-1.34206337768826,0.161,0.377,1.18960930325445e-08,"Selenop-201",1.18960930325445e-08,"Down"
2.18436653536707e-13,-1.04124886744971,0.12,0.335,1.67877305709101e-08,"Pten-201",1.67877305709101e-08,"Down"
2.88718999631663e-13,1.07042900420449,0.56,0.449,2.21892099976918e-08,"Riok3-201",2.21892099976918e-08,"Up"
2.93314121016495e-13,1.60839315399655,0.413,0.263,2.25423634566017e-08,"Krt18-201",2.25423634566017e-08,"Up"
3.39474050709858e-13,-1.17444851561912,0.123,0.333,2.60899386932555e-08,"Trip12-206",2.60899386932555e-08,"Down"
3.49406849362634e-13,-1.00233453771378,0.156,0.376,2.68533140009159e-08,"Cd52-201",2.68533140009159e-08,"Down"
4.18245910188873e-13,1.3410674653265,0.486,0.366,3.21438711816557e-08,"Bag1-203",3.21438711816557e-08,"Up"
8.86379621068434e-13,-1.12577226530648,0.183,0.403,6.81218193975934e-08,"Stk10-201",6.81218193975934e-08,"Down"
1.35701603199566e-12,-1.01851348945,0.235,0.475,1.04292110122994e-07,"Jarid2-216",1.04292110122994e-07,"Down"
1.80631515872082e-12,2.28106197830191,0.495,0.382,1.3882254520833e-07,"Prdx2-203",1.3882254520833e-07,"Up"
2.33684832828665e-12,-1.02383532053638,0.148,0.364,1.79596141422142e-07,"Picalm-212",1.79596141422142e-07,"Down"
2.49382651877726e-12,-1.30133513349612,0.148,0.35,1.91660543274107e-07,"Tle3-204",1.91660543274107e-07,"Down"
4.42632933643752e-12,1.44899934484315,0.383,0.236,3.40181114822569e-07,"Ctla2a-201",3.40181114822569e-07,"Up"
5.31897224187275e-12,-1.03574078712535,0.137,0.338,4.08784292676889e-07,"Trip12-201",4.08784292676889e-07,"Down"
5.34309097228003e-12,-1.26635997023811,0.169,0.378,4.10637913583609e-07,"Cd44-202",4.10637913583609e-07,"Down"
5.93855171458116e-12,2.40791498850532,0.407,0.279,4.56401453472421e-07,"Myl6-201",4.56401453472421e-07,"Up"
8.01979618220372e-12,-1.25195540825011,0.164,0.366,6.16353415787085e-07,"H2-Eb1-201",6.16353415787085e-07,"Down"
1.17183357585464e-11,1.69579934943964,0.374,0.24,9.00600976387328e-07,"Ube2r2-201",9.00600976387328e-07,"Up"
1.36016213063963e-11,2.07263210978699,0.443,0.335,1.04533900388178e-06,"Bsg-205",1.04533900388178e-06,"Up"
1.44965819215199e-11,1.91390371857952,0.475,0.384,1.11412030699649e-06,"Atp5g1-201",1.11412030699649e-06,"Up"
2.29702062779872e-11,1.26090102853623,0.473,0.366,1.76535223328843e-06,"Bag1-202",1.76535223328843e-06,"Up"
2.38961264124223e-11,1.63155681126286,0.434,0.321,1.8365128993003e-06,"Fau-203",1.8365128993003e-06,"Up"
2.80751101339658e-11,1.60886413083932,0.467,0.339,2.15768451423581e-06,"Pgam1-201",2.15768451423581e-06,"Up"
9.59037321181285e-11,1.5519591177956,0.426,0.318,7.37058542820665e-06,"Fau-207",7.37058542820665e-06,"Up"
1.0795548464628e-10,-1.13768768741283,0.197,0.395,8.29681081700519e-06,"Selenop-203",8.29681081700519e-06,"Down"
1.79298213384978e-10,1.49196495532412,0.41,0.264,1.37797848914891e-05,"Ube2h-202",1.37797848914891e-05,"Up"
2.17544376466464e-10,1.56763285771387,0.664,0.634,1.67191555089536e-05,"Gapdh-203",1.67191555089536e-05,"Up"
2.85351526094466e-10,-1.05089732392631,0.172,0.348,2.19304061864641e-05,"Apoe-206",2.19304061864641e-05,"Down"
2.98424378985682e-10,1.63535162624324,0.637,0.415,2.29351072225656e-05,"Tpt1-206",2.29351072225656e-05,"Up"
4.47112131182056e-10,1.83250552719121,0.484,0.4,3.43623557298658e-05,"Hnrnpa2b1-201",3.43623557298658e-05,"Up"
1.48606531863613e-09,-1.00803824544184,0.219,0.4,0.000114210063998461,"Csf1r-202",0.000114210063998461,"Down"
2.48887976229114e-09,1.92432821486276,0.347,0.236,0.000191280365251123,"Cdkn1c-201",0.000191280365251123,"Up"
3.86634262848553e-09,1.75264109011983,0.358,0.253,0.000297143896369627,"Myl6-206",0.000297143896369627,"Up"
4.60777707457239e-09,1.85259667181791,0.352,0.25,0.000354126099289187,"Myl6-202",0.000354126099289187,"Up"
5.1297847295943e-09,1.16070056547359,0.451,0.366,0.00039424447560824,"Bag1-201",0.00039424447560824,"Up"
5.67982296940248e-09,1.36405254492834,0.407,0.314,0.000436517114490458,"Fau-205",0.000436517114490458,"Up"
6.08176967782888e-09,1.43377464418189,0.402,0.307,0.00046740832681986,"Fau-201",0.00046740832681986,"Up"
7.50565338041209e-09,1.3554793594224,0.402,0.308,0.000576839484898191,"Fau-208",0.000576839484898191,"Up"
1.02835040222469e-08,1.94485635900344,0.347,0.248,0.000790328418125763,"Myl6-211",0.000790328418125763,"Up"
1.27484841186176e-08,1.90202076377012,0.41,0.329,0.000979771998452235,"Slc25a3-201",0.000979771998452235,"Up"
2.05823734310408e-08,1.16647541036554,0.47,0.387,0.00158183772766921,"Calm3-201",0.00158183772766921,"Up"
2.09629192467668e-08,1.16967701777364,0.568,0.535,0.00161108419579102,"Tmed2-201",0.00161108419579102,"Up"
4.357344956321e-08,1.48374705840154,0.426,0.321,0.00334879389273094,"Slc25a37-201",0.00334879389273094,"Up"
9.1890036151668e-08,-1.07430241006959,0.292,0.439,0.00706211683840029,"Tgm2-201",0.00706211683840029,"Down"
